<?xml version="1.0" encoding="utf-8"?>
<manifest xmlns="http://www.we7.cc" versionCode="0.6">
	<application setting="false">
		<name><![CDATA[微信支付例子]]></name>
		<identifie><![CDATA[wxpay_demo]]></identifie>
		<version><![CDATA[1.0]]></version>
		<type><![CDATA[business]]></type>
		<ability><![CDATA[微信支付例子]]></ability>
		<description><![CDATA[微信支付例子]]></description>
		<author><![CDATA[null]]></author>
		<url><![CDATA[http://bbs.we7.cc/]]></url>
	</application>
	<platform>
		<subscribes>
		</subscribes>
		<handles>
			<message type="text" />
		</handles>
		<rule embed="true" />
		<card embed="false" />
	</platform>
	<bindings>
		<cover>
			<entry title="支付" do="pay" state="" direct="false" />
		</cover>
	</bindings>
	<permissions>
	</permissions>
	<crons>
	</crons>
	<install><![CDATA[]]></install>
	<uninstall><![CDATA[]]></uninstall>
	<upgrade><![CDATA[]]></upgrade>
</manifest>