﻿<?xml version="1.0" encoding="utf-8"?>
<manifest xmlns="http://www.chaojiym.com" versionCode="0.6">	
    <application setting="true">
        <name><![CDATA[切切粽子]]></name>
        <identifie><![CDATA[czt_qzz]]></identifie>
        <version><![CDATA[4.2]]></version>
        <type><![CDATA[wdlgame]]></type>
        <ability><![CDATA[切切粽子]]></ability>
        <description><![CDATA[切切粽子]]></description>
		<author><![CDATA[麦芒科技qq群535287096]></author>
		<url><![CDATA[http://www.chaojiym.com]]></url>
    </application>
    <platform>
        <subscribes>
        </subscribes>
        <handles>
            <message type="text" />
        </handles>
        <rule embed="false" />
    </platform>
    <bindings>
	<cover>
            <entry title="切切粽子" do="index" />
        </cover>
	
    </bindings>
    <install><![CDATA[      
	  ]]></install>
	  
    <uninstall><![CDATA[]]></uninstall>
    <upgrade><![CDATA[upgrade.php]]></upgrade>
</manifest>