﻿<?xml version="1.0" encoding="utf-8"?>
<manifest xmlns="http://www.chaojiym.com" versionCode="0.6">
	<application setting="false">
		<name><![CDATA[粽子大战]]></name>
		<identifie><![CDATA[zzplane_hhy]]></identifie>
		<version><![CDATA[2.0]]></version>
		<type><![CDATA[activity]]></type>
		<ability><![CDATA[粽子大战，模仿飞机大战]]></ability>
		<description><![CDATA[粽子大战，模仿飞机大战]]></description>
		<author><![CDATA[麦芒科技qq群535287096]></author>
		<url><![CDATA[http://www.chaojiym.com]]></url>
	</application>
	<platform>
		<subscribes>
			<message type="text" />
			<message type="image" />
			<message type="voice" />
			<message type="qr" />
		</subscribes>
		<handles>
			<message type="text" />
			<message type="image" />
			<message type="voice" />
			<message type="video" />
			<message type="qr" />
		</handles>

	</platform>
	<bindings>
		<cover>
			<entry title="入口设置" do="from" state="" direct="false" />
		</cover>
		<menu>
			<entry title="参数设置" do="setting" state="" direct="false" />
		</menu>
		
	</bindings>
	<install><![CDATA[]]></install>
	<uninstall><![CDATA[]]></uninstall>
	<upgrade><![CDATA[]]></upgrade>
</manifest>